,Unnamed: 0,Post/Comment,ID,Text,Creation Date,Interval Number,Sentiment,Sadness,Joy,Love,Anger,Fear,Surprise,pos/neg,pos/neg score
0,0,Post,18akmqx,Me trying to trade my way out of a 90% loss on my life savings,2023-12-04,0,Sadness,0.839188,0.089396246,0.001948176,0.057145078,0.011014167,0.0013084343,NEGATIVE,0.9989042282104492
1,1,Post,189vz8k,One of us!,2023-12-03,0,Sadness,0.5677062,0.251892,0.006996674,0.046405077,0.124050595,0.002949409,POSITIVE,0.9990423321723938
2,2,Post,1884rxo,Elon phones a friend,2023-12-01,0,Joy,0.023742875,0.7211392,0.07797907,0.14882028,0.027150748,0.0011677275,POSITIVE,0.587921142578125
3,3,Post,18739kt,Elon tells Bob Iger to ‚Äúgo f*ck yourself‚Äù,2023-11-29,0,Anger,0.11124754,0.20644557,0.0036861168,0.65451145,0.02199527,0.0021140412,NEGATIVE,0.9229602813720703
4,4,Post,17wvwke,Puts on all Weed Companies like $TILRAY $SUNDIAL,2023-11-16,1,Anger,0.013897443,0.0109470375,0.00051860575,0.9692514,0.004518089,0.0008672671,NEGATIVE,0.9888997077941895
5,5,Comment,18akmqx,"
**User Report**| | | |
:--|:--|:--|:--
**Total Submissions**|10|**First Seen In WSB**|2 years ago
**Total Comments**|1022|**Previous Best DD**|
**Account Age**|2 years|[^scan ^comment ](https://www.reddit.com/message/compose/?to=VisualMod&subject=scan_comment&message=Replace%20this%20text%20with%20a%20comment%20ID%20(which%20looks%20like%20h26cq3k\)%20to%20have%20the%20bot%20scan%20your%20comment%20and%20correct%20your%20first%20seen%20date.)|[^scan ^submission ](https://www.reddit.com/message/compose/?to=VisualMod&subject=scan_submission&message=Replace%20this%20text%20with%20a%20submission%20ID%20(which%20looks%20like%20h26cq3k\)%20to%20have%20the%20bot%20scan%20your%20submission%20and%20correct%20your%20first%20seen%20date.)",2023-12-04,0,Surprise,0.3008153,0.10966773,0.0025425176,0.14239363,0.032872163,0.41170862,NEGATIVE,0.9944444298744202
6,6,Comment,18akmqx,Cats just have a different relationship with gravity than the rest of us.,2023-12-04,0,Fear,0.17157044,0.039267205,0.0021937666,0.33865818,0.44622877,0.0020815376,POSITIVE,0.99679034948349
7,7,Comment,18akmqx,Lil Buddy Just fucked off 3 lives for absolutely nothing ü§¶üèæ‚Äç‚ôÇÔ∏èü§¶üèæ‚Äç‚ôÇÔ∏èü§¶üèæ‚Äç‚ôÇÔ∏èü§¶üèæ‚Äç‚ôÇÔ∏è,2023-12-04,0,Anger,0.0001812208,1.8846076e-05,9.071831e-06,0.9982066,0.0015420055,4.2082353e-05,NEGATIVE,0.9993032217025757
8,8,Comment,189vz8k,"
**User Report**| | | |
:--|:--|:--|:--
**Total Submissions**|1|**First Seen In WSB**|2 months ago
**Total Comments**|11|**Previous Best DD**|
**Account Age**|3 months|[^scan ^comment ](https://www.reddit.com/message/compose/?to=VisualMod&subject=scan_comment&message=Replace%20this%20text%20with%20a%20comment%20ID%20(which%20looks%20like%20h26cq3k\)%20to%20have%20the%20bot%20scan%20your%20comment%20and%20correct%20your%20first%20seen%20date.)|[^scan ^submission ](https://www.reddit.com/message/compose/?to=VisualMod&subject=scan_submission&message=Replace%20this%20text%20with%20a%20submission%20ID%20(which%20looks%20like%20h26cq3k\)%20to%20have%20the%20bot%20scan%20your%20submission%20and%20correct%20your%20first%20seen%20date.)",2023-12-03,0,Surprise,0.29783297,0.10048372,0.002656092,0.1704719,0.030576073,0.39797917,NEGATIVE,0.9949672818183899
9,9,Comment,189vz8k,"The story continues. After spending over $9b for AOL and Yahoo, Verizon sold both companies for less than half what it paid for them just few years ago!",2023-12-03,0,Joy,0.04704791,0.93518573,0.0023968576,0.010976074,0.002738808,0.0016546773,NEGATIVE,0.9781514406204224
10,10,Comment,189vz8k,"In 1998 Yahoo was positioned to become Google, Amazon and Facebook combined. They managed to do almost everything wrong, other than buying a chunk of Alibaba (although they also managed to screw that one up eventually).",2023-12-03,0,Anger,0.0011820438,0.00042071912,5.0894516e-05,0.9817457,0.016507935,9.268443e-05,NEGATIVE,0.9982471466064453
11,11,Comment,1884rxo,"
**User Report**| | | |
:--|:--|:--|:--
**Total Submissions**|10|**First Seen In WSB**|6 months ago
**Total Comments**|418|**Previous Best DD**|
**Account Age**|6 months|[^scan ^comment ](https://www.reddit.com/message/compose/?to=VisualMod&subject=scan_comment&message=Replace%20this%20text%20with%20a%20comment%20ID%20(which%20looks%20like%20h26cq3k\)%20to%20have%20the%20bot%20scan%20your%20comment%20and%20correct%20your%20first%20seen%20date.)|[^scan ^submission ](https://www.reddit.com/message/compose/?to=VisualMod&subject=scan_submission&message=Replace%20this%20text%20with%20a%20submission%20ID%20(which%20looks%20like%20h26cq3k\)%20to%20have%20the%20bot%20scan%20your%20submission%20and%20correct%20your%20first%20seen%20date.)",2023-12-01,0,Sadness,0.35874373,0.123638324,0.0027601866,0.17534928,0.02704845,0.31246006,NEGATIVE,0.9951554536819458
12,12,Comment,1884rxo,"The part where he didn‚Äôt know the name of his interviewer, classic",2023-12-01,0,Anger,0.017410573,0.0018830516,0.00024750913,0.97236776,0.007839235,0.00025172567,NEGATIVE,0.9996117949485779
13,13,Comment,1884rxo,"Good shit

I remember watching that episode of millionaire live, such a legendary moment",2023-12-01,0,Joy,0.103023626,0.8526653,0.0028961021,0.0075497734,0.03027009,0.003595249,POSITIVE,0.9887058734893799
14,14,Comment,18739kt,"
**User Report**| | | |
:--|:--|:--|:--
**Total Submissions**|8|**First Seen In WSB**|1 year ago
**Total Comments**|2|**Previous Best DD**|
**Account Age**|6 years|[^scan ^comment ](https://www.reddit.com/message/compose/?to=VisualMod&subject=scan_comment&message=Replace%20this%20text%20with%20a%20comment%20ID%20(which%20looks%20like%20h26cq3k\)%20to%20have%20the%20bot%20scan%20your%20comment%20and%20correct%20your%20first%20seen%20date.)|[^scan ^submission ](https://www.reddit.com/message/compose/?to=VisualMod&subject=scan_submission&message=Replace%20this%20text%20with%20a%20submission%20ID%20(which%20looks%20like%20h26cq3k\)%20to%20have%20the%20bot%20scan%20your%20submission%20and%20correct%20your%20first%20seen%20date.)",2023-11-29,0,Surprise,0.30189458,0.116106026,0.0027295372,0.16609833,0.029682398,0.38348904,NEGATIVE,0.9940458536148071
15,15,Comment,18739kt,Another musk moment in the books. Should be a quiet 72hrs before the next one.,2023-11-29,0,Fear,0.037678078,0.02235873,0.0007804613,0.008825287,0.92962825,0.00072911876,NEGATIVE,0.9979633092880249
16,16,Comment,18739kt,Elon should be posting his ideas of this sub.. He belongs here.,2023-11-29,0,Anger,0.102593854,0.1519278,0.002131307,0.6836916,0.056673456,0.0029819505,NEGATIVE,0.988731861114502
17,17,Comment,17wvwke,"
**User Report**| | | |
:--|:--|:--|:--
**Total Submissions**|7|**First Seen In WSB**|6 days ago
**Total Comments**|16|**Previous Best DD**|
**Account Age**|2 weeks|[^scan ^comment ](https://www.reddit.com/message/compose/?to=VisualMod&subject=scan_comment&message=Replace%20this%20text%20with%20a%20comment%20ID%20(which%20looks%20like%20h26cq3k\)%20to%20have%20the%20bot%20scan%20your%20comment%20and%20correct%20your%20first%20seen%20date.)|[^scan ^submission ](https://www.reddit.com/message/compose/?to=VisualMod&subject=scan_submission&message=Replace%20this%20text%20with%20a%20submission%20ID%20(which%20looks%20like%20h26cq3k\)%20to%20have%20the%20bot%20scan%20your%20submission%20and%20correct%20your%20first%20seen%20date.)",2023-11-16,1,Surprise,0.2963931,0.11160881,0.002655346,0.1480792,0.031545833,0.40971777,NEGATIVE,0.9952878952026367
18,18,Comment,17wvwke,The dude who just rolled snoop's last joint is in line at the welfare office. RIP to one of the best jobs that existed,2023-11-16,1,Joy,0.063809365,0.53207976,0.002914575,0.37150973,0.02507842,0.0046081445,POSITIVE,0.9541201591491699
19,19,Comment,17wvwke,"‚ÄúGiving up smoke‚Äù

Snoop will still probably be eating 2000mg of thc everyday.",2023-11-16,1,Anger,0.053853244,0.0232166,0.00083518826,0.8802476,0.04130503,0.0005423273,NEGATIVE,0.9779386520385742
